filename,category
hungry_0.wav,hungry
hungry_1.wav,hungry
hungry_10.wav,hungry
hungry_100.wav,hungry
hungry_11.wav,hungry
hungry_12.wav,hungry
hungry_13.wav,hungry
hungry_14.wav,hungry
hungry_15.wav,hungry
hungry_16.wav,hungry
hungry_17.wav,hungry
hungry_18.wav,hungry
hungry_19.wav,hungry
hungry_2.wav,hungry
hungry_20.wav,hungry
hungry_21.wav,hungry
hungry_22.wav,hungry
hungry_23.wav,hungry
hungry_24.wav,hungry
hungry_25.wav,hungry
hungry_26.wav,hungry
hungry_27.wav,hungry
hungry_28.wav,hungry
hungry_29.wav,hungry
hungry_3.wav,hungry
hungry_30.wav,hungry
hungry_31.wav,hungry
hungry_32.wav,hungry
hungry_33.wav,hungry
hungry_34.wav,hungry
hungry_35.wav,hungry
hungry_36.wav,hungry
hungry_37.wav,hungry
hungry_38.wav,hungry
hungry_39.wav,hungry
hungry_4.wav,hungry
hungry_40.wav,hungry
hungry_41.wav,hungry
hungry_42.wav,hungry
hungry_43.wav,hungry
hungry_44.wav,hungry
hungry_45.wav,hungry
hungry_46.wav,hungry
hungry_47.wav,hungry
hungry_48.wav,hungry
hungry_49.wav,hungry
hungry_5.wav,hungry
hungry_50.wav,hungry
hungry_51.wav,hungry
hungry_52.wav,hungry
hungry_53.wav,hungry
hungry_54.wav,hungry
hungry_55.wav,hungry
hungry_56.wav,hungry
hungry_57.wav,hungry
hungry_58.wav,hungry
hungry_59.wav,hungry
hungry_6.wav,hungry
hungry_60.wav,hungry
hungry_61.wav,hungry
hungry_62.wav,hungry
hungry_63.wav,hungry
hungry_64.wav,hungry
hungry_65.wav,hungry
hungry_66.wav,hungry
hungry_67.wav,hungry
hungry_68.wav,hungry
hungry_69.wav,hungry
hungry_7.wav,hungry
hungry_70.wav,hungry
hungry_71.wav,hungry
hungry_72.wav,hungry
hungry_73.wav,hungry
hungry_74.wav,hungry
hungry_75.wav,hungry
hungry_76.wav,hungry
hungry_77.wav,hungry
hungry_78.wav,hungry
hungry_79.wav,hungry
hungry_8.wav,hungry
hungry_80.wav,hungry
hungry_81.wav,hungry
hungry_82.wav,hungry
hungry_83.wav,hungry
hungry_84.wav,hungry
hungry_85.wav,hungry
hungry_86.wav,hungry
hungry_87.wav,hungry
hungry_88.wav,hungry
hungry_89.wav,hungry
hungry_9.wav,hungry
hungry_90.wav,hungry
hungry_91.wav,hungry
hungry_92.wav,hungry
hungry_93.wav,hungry
hungry_94.wav,hungry
hungry_95.wav,hungry
hungry_96.wav,hungry
hungry_97.wav,hungry
hungry_98.wav,hungry
hungry_99.wav,hungry
sleep_00.wav,sleep
sleep_1.wav,sleep
sleep_10.wav,sleep
sleep_100.wav,sleep
sleep_11.wav,sleep
sleep_12.wav,sleep
sleep_13.wav,sleep
sleep_14.wav,sleep
sleep_15.wav,sleep
sleep_16.wav,sleep
sleep_17.wav,sleep
sleep_18.wav,sleep
sleep_19.wav,sleep
sleep_2.wav,sleep
sleep_20.wav,sleep
sleep_21.wav,sleep
sleep_22.wav,sleep
sleep_23.wav,sleep
sleep_24.wav,sleep
sleep_25.wav,sleep
sleep_26.wav,sleep
sleep_27.wav,sleep
sleep_28.wav,sleep
sleep_29.wav,sleep
sleep_3.wav,sleep
sleep_30.wav,sleep
sleep_31.wav,sleep
sleep_32.wav,sleep
sleep_33.wav,sleep
sleep_34.wav,sleep
sleep_35.wav,sleep
sleep_36.wav,sleep
sleep_37.wav,sleep
sleep_38.wav,sleep
sleep_39.wav,sleep
sleep_4.wav,sleep
sleep_40.wav,sleep
sleep_41.wav,sleep
sleep_42.wav,sleep
sleep_43.wav,sleep
sleep_44.wav,sleep
sleep_45.wav,sleep
sleep_46.wav,sleep
sleep_47.wav,sleep
sleep_48.wav,sleep
sleep_49.wav,sleep
sleep_5.wav,sleep
sleep_50.wav,sleep
sleep_51.wav,sleep
sleep_52.wav,sleep
sleep_53.wav,sleep
sleep_54.wav,sleep
sleep_55.wav,sleep
sleep_56.wav,sleep
sleep_57.wav,sleep
sleep_58.wav,sleep
sleep_59.wav,sleep
sleep_6.wav,sleep
sleep_60.wav,sleep
sleep_61.wav,sleep
sleep_62.wav,sleep
sleep_63.wav,sleep
sleep_64.wav,sleep
sleep_65.wav,sleep
sleep_66.wav,sleep
sleep_67.wav,sleep
sleep_68.wav,sleep
sleep_69.wav,sleep
sleep_7.wav,sleep
sleep_70.wav,sleep
sleep_71.wav,sleep
sleep_72.wav,sleep
sleep_73.wav,sleep
sleep_74.wav,sleep
sleep_75.wav,sleep
sleep_76.wav,sleep
sleep_77.wav,sleep
sleep_78.wav,sleep
sleep_79.wav,sleep
sleep_8.wav,sleep
sleep_80.wav,sleep
sleep_81.wav,sleep
sleep_82.wav,sleep
sleep_83.wav,sleep
sleep_84.wav,sleep
sleep_85.wav,sleep
sleep_86.wav,sleep
sleep_87.wav,sleep
sleep_88.wav,sleep
sleep_89.wav,sleep
sleep_9.wav,sleep
sleep_90.wav,sleep
sleep_91.wav,sleep
sleep_92.wav,sleep
sleep_93.wav,sleep
sleep_94.wav,sleep
sleep_95.wav,sleep
sleep_96.wav,sleep
sleep_97.wav,sleep
sleep_98.wav,sleep
sleep_99.wav,sleep
